USE creditos;

INSERT INTO cargo (nombre)
VALUES ('Atención al cliente'),
       ('Analista crediticio'),
       ('Ejecutivo de créditos'),
       ('Gerente de sucursal'),
       ('Auditor interno'),
       ('Analista de riesgo');

INSERT INTO metodo_pago (nombre)
VALUES ('Efectivo'),
       ('Transferencia bancaria'),
       ('Tarjeta de débito'),
       ('Tarjeta de crédito'),
       ('Cheque');

INSERT INTO requisitos_prod (cuenta, hist_positivo, tiene_garante)
VALUES (FALSE, TRUE, TRUE),
       (FALSE, TRUE, FALSE),
       (TRUE, TRUE, TRUE);

INSERT INTO producto_finan (limite_cred, nombre, tasa_base, requisitos_prod_id)
VALUES (2500000, 'Préstamo Personal', 55, 1),
       (25000000, 'Préstamo Hipotecario', 15, 3),
       (30000000, 'Préstamo Empresarial', 30, 3),
       (10000000, 'Tarjeta Corporativa', 45, 2);

INSERT INTO situacion_econ (nombre, ingreso_min, ingreso_max)
VALUES ('Crítica', 0, 80000),
       ('Mala', 80001, 150000),
       ('Regular', 150001, 300000),
       ('Buena', 300001, 600000),
       ('Muy buena', 600001, 1200000),
       ('Excelente', 1200000, 999999999);

INSERT INTO tipo_doc (nombre)
VALUES ('DNI'),
       ('Pasaporte'),
       ('CUIT/CUIL'),
       ('Documento Extranjero');

INSERT INTO `cliente` (`cliente_id`, `sit_econ_id`, `ingresos_dec`, `nombre`, `apellido`, `documento`, `direccion`, `tipo_doc_id`, `telefono`, `email`, `es_juridica`, `habilitado`, `fecha_alta`, `fecha_baja`, `fecha_mod`, `usuario_alta`, `usuario_mod`) VALUES
(1, 1, 50000, 'Lautaro', 'Martinez', 12345678, 'Tambor de Tacuari 364', 1, '1111-2222', 'juan@example.com', 0, 1, '2025-11-20', NULL, NULL, 'admin', NULL),
(2, 3, 200000, 'Susana', 'Gimenez', 23456789, 'Av. Lopez y Planes 125', 1, '2222-3333', 'maria@example.com', 0, 1, '2025-11-20', NULL, NULL, 'admin', NULL),
(3, 1, 75000, 'Lucía', 'Fernández', 34567890, 'Calle Libertad 789', 1, '3333-4444', 'luciaf@example.com', 0, 1, '2025-11-20', NULL, NULL, 'admin', NULL),
(4, 2, 120000, 'Carlos', 'Sosa', 45678901, 'Av. Belgrano 101', 1, '4444-5555', 'carlos.sosa@example.com', 0, 1, '2025-11-20', NULL, NULL, 'admin', NULL),
(5, 2, 95000, 'Valentina', 'Rojas', 56789012, 'Calle San Martín 202', 1, '5555-6666', 'valentina.rojas@example.com', 0, 1, '2025-11-20', NULL, NULL, 'admin', NULL),
(6, 1, 60000, 'Federico', 'Molina', 67890123, 'Av. Córdoba 303', 1, '6666-7777', 'fed.molina@example.com', 0, 1, '2025-11-20', NULL, NULL, 'admin', NULL),
(7, 2, 110000, 'Sofía', 'Alvarez', 78901234, 'Calle Santa Fe 404', 1, '7777-8888', 'sofia.alvarez@example.com', 0, 1, '2025-11-20', NULL, NULL, 'admin', NULL),
(8, 2, 85000, 'Matías', 'García', 89012345, 'Av. Rivadavia 505', 1, '8888-9999', 'matias.garcia@example.com', 0, 1, '2025-11-20', NULL, NULL, 'admin', NULL),
(9, 2, 130000, 'Camila', 'Torres', 90123456, 'Calle Pueyrredón 606', 1, '9999-0000', 'camila.torres@example.com', 0, 1, '2025-11-20', NULL, NULL, 'admin', NULL),
(10, 1, 70000, 'Ignacio', 'Castro', 11234567, 'Av. Callao 707', 1, '1010-1111', 'ignacio.castro@example.com', 0, 1, '2025-11-20', NULL, NULL, 'admin', NULL),
(11, 1, 50000, 'Paula', 'Ramírez', 22345678, 'Calle Mitre 808', 1, '1111-1212', 'paula.ramirez@example.com', 0, 1, '2025-11-20', NULL, NULL, 'admin', NULL),
(12, 2, 90000, 'Diego', 'Reyes', 33456789, 'Av. Corrientes 909', 1, '1212-1313', 'diego.reyes@example.com', 0, 1, '2025-11-20', NULL, NULL, 'admin', NULL),
(13, 2, 105000, 'Marina', 'Vega', 44567890, 'Calle Belgrano 1010', 1, '1313-1414', 'marina.vega@example.com', 0, 1, '2025-11-20', NULL, NULL, 'admin', NULL),
(14, 2, 115000, 'Esteban', 'Ortega', 55678901, 'Av. Santa Fe 1111', 1, '1414-1515', 'esteban.ortega@example.com', 0, 1, '2025-11-20', NULL, NULL, 'admin', NULL),
(15, 2, 98000, 'Florencia', 'Benítez', 66789012, 'Calle Paraná 1212', 1, '1515-1616', 'florencia.benitez@example.com', 0, 1, '2025-11-20', NULL, NULL, 'admin', NULL),
(16, 2, 87000, 'Javier', 'Medina', 77890123, 'Av. Libertador 1313', 1, '1616-1717', 'javier.medina@example.com', 0, 1, '2025-11-20', NULL, NULL, 'admin', NULL),
(17, 2, 102000, 'Carolina', 'Suárez', 88901234, 'Calle San Juan 1414', 1, '1717-1818', 'carolina.suarez@example.com', 0, 1, '2025-11-20', NULL, NULL, 'admin', NULL),
(18, 2, 94000, 'Sebastián', 'Morales', 99012345, 'Av. Independencia 1515', 1, '1818-1919', 'sebastian.morales@example.com', 0, 1, '2025-11-20', NULL, NULL, 'admin', NULL),
(19, 2, 123000, 'Natalia', 'Paz', 10123456, 'Calle Lima 1616', 1, '1919-2020', 'natalia.paz@example.com', 0, 1, '2025-11-20', NULL, NULL, 'admin', NULL),
(20, 2, 115000, 'Gonzalo', 'Cabrera', 21234567, 'Av. San Martín 1717', 1, '2020-2121', 'gonzalo.cabrera@example.com', 0, 1, '2025-11-20', NULL, NULL, 'admin', NULL),
(21, 1, 67000, 'Julieta', 'Mendoza', 32345678, 'Calle Belgrano 1818', 1, '2121-2222', 'julieta.mendoza@example.com', 0, 1, '2025-11-20', NULL, NULL, 'admin', NULL),
(22, 2, 89000, 'Lucas', 'Figueroa', 43456789, 'Av. Rivadavia 1919', 1, '2222-2323', 'lucas.figueroa@example.com', 0, 1, '2025-11-20', NULL, NULL, 'admin', NULL),
(23, 2, 95000, 'Lorena', 'Villanueva', 54567890, 'Calle Moreno 2020', 1, '2323-2424', 'lorena.villanueva@example.com', 0, 1, '2025-11-20', NULL, NULL, 'admin', NULL),
(24, 1, 76000, 'Héctor', 'Márquez', 65678901, 'Av. Córdoba 2121', 1, '2424-2525', 'hector.marquez@example.com', 0, 1, '2025-11-20', NULL, NULL, 'admin', NULL),
(25, 2, 108000, 'Verónica', 'Ríos', 76789012, 'Calle Salta 2222', 1, '2525-2626', 'veronica.rios@example.com', 0, 1, '2025-11-20', NULL, NULL, 'admin', NULL),
(26, 2, 98000, 'Martín', 'Juárez', 87890123, 'Av. Entre Ríos 2323', 1, '2626-2727', 'martin.juarez@example.com', 0, 1, '2025-11-20', NULL, NULL, 'admin', NULL),
(27, 1, 67000, 'Claudia', 'Herrera', 98901234, 'Calle Tucumán 2424', 1, '2727-2828', 'claudia.herrera@example.com', 0, 1, '2025-11-20', NULL, NULL, 'admin', NULL),
(28, 2, 89000, 'Patricio', 'Salinas', 10123457, 'Av. La Plata 2525', 1, '2828-2929', 'patricio.salinas@example.com', 0, 1, '2025-11-20', NULL, NULL, 'admin', NULL),
(29, 2, 102000, 'Mónica', 'Espinoza', 11234568, 'Calle Chacabuco 2626', 1, '2929-3030', 'monica.espinoza@example.com', 0, 1, '2025-11-20', NULL, NULL, 'admin', NULL),
(30, 2, 97000, 'Ramiro', 'Córdoba', 12234569, 'Av. Sarmiento 2727', 1, '3030-3131', 'ramiro.cordoba@example.com', 0, 1, '2025-11-20', NULL, NULL, 'admin', NULL),
(31, 2, 88000, 'Gabriela', 'Méndez', 13234570, 'Calle Roca 2828', 1, '3131-3232', 'gabriela.mendez@example.com', 0, 1, '2025-11-20', NULL, NULL, 'admin', NULL),
(32, 2, 112000, 'Joaquín', 'Pineda', 14234571, 'Av. Pellegrini 2929', 1, '3232-3333', 'joaquin.pineda@example.com', 0, 1, '2025-11-20', NULL, NULL, 'admin', NULL),
(33, 2, 105000, 'Romina', 'Quiroga', 15234572, 'Calle Rioja 3030', 1, '3333-3434', 'romina.quiroga@example.com', 0, 1, '2025-11-20', NULL, NULL, 'admin', NULL),
(34, 2, 93000, 'Nicolás', 'Villar', 16234573, 'Av. Mitre 3131', 1, '3434-3535', 'nicolas.villar@example.com', 0, 1, '2025-11-20', NULL, NULL, 'admin', NULL),
(35, 2, 87000, 'Marcelina', 'Crespo', 17234574, 'Calle Rivadavia 3232', 1, '3535-3636', 'marcelina.crespo@example.com', 0, 1, '2025-11-20', NULL, NULL, 'admin', NULL),
(36, 2, 99000, 'Agustín', 'Barrera', 18234575, 'Av. Corrientes 3333', 1, '3636-3737', 'agustin.barrera@example.com', 0, 1, '2025-11-20', NULL, NULL, 'admin', NULL),
(37, 2, 103000, 'Paola', 'Campos', 19234576, 'Calle Lavalle 3434', 1, '3737-3838', 'paola.campos@example.com', 0, 1, '2025-11-20', NULL, NULL, 'admin', NULL),
(38, 2, 95000, 'Diego', 'Cano', 20234577, 'Av. Callao 3535', 1, '3838-3939', 'diego.cano@example.com', 0, 1, '2025-11-20', NULL, NULL, 'admin', NULL),
(39, 2, 86000, 'Silvina', 'Salcedo', 21234578, 'Calle Perón 3636', 1, '3939-4040', 'silvina.salcedo@example.com', 0, 1, '2025-11-20', NULL, NULL, 'admin', NULL),
(40, 2, 108000, 'Hernán', 'Acosta', 22234579, 'Av. Belgrano 3737', 1, '4040-4141', 'hernan.acosta@example.com', 0, 1, '2025-11-20', NULL, NULL, 'admin', NULL),
(41, 2, 99000, 'Jimena', 'Navarro', 23234580, 'Calle Alem 3838', 1, '4141-4242', 'jimena.navarro@example.com', 0, 1, '2025-11-20', NULL, NULL, 'admin', NULL),
(42, 2, 107000, 'Andrés', 'Reina', 24234581, 'Av. Córdoba 3939', 1, '4242-4343', 'andres.reina@example.com', 0, 1, '2025-11-20', NULL, NULL, 'admin', NULL),
(43, 2, 102000, 'Lorena', 'Santos', 25234582, 'Calle Entre Ríos 4040', 1, '4343-4444', 'lorena.santos@example.com', 0, 1, '2025-11-20', NULL, NULL, 'admin', NULL),
(44, 2, 97000, 'Emiliano', 'Vargas', 26234583, 'Av. San Juan 4141', 1, '4444-4545', 'emiliano.vargas@example.com', 0, 1, '2025-11-20', NULL, NULL, 'admin', NULL),
(45, 2, 94000, 'Belén', 'Ferrer', 27234584, 'Calle Santa Fe 4242', 1, '4545-4646', 'belen.ferrer@example.com', 0, 1, '2025-11-20', NULL, NULL, 'admin', NULL),
(46, 2, 101000, 'Federico', 'Paz', 28234585, 'Av. Libertador 4343', 1, '4646-4747', 'federico.paz@example.com', 0, 1, '2025-11-20', NULL, NULL, 'admin', NULL),
(47, 2, 99000, 'Martina', 'Ortega', 29234586, 'Calle Salta 4444', 1, '4747-4848', 'martina.ortega@example.com', 0, 1, '2025-11-20', NULL, NULL, 'admin', NULL),
(48, 2, 88000, 'Bruno', 'López', 30234587, 'Av. La Plata 4545', 1, '4848-4949', 'bruno.lopez@example.com', 0, 1, '2025-11-20', NULL, NULL, 'admin', NULL),
(49, 2, 116000, 'Camila', 'Figueroa', 31234588, 'Calle Tucumán 4646', 1, '4949-5050', 'camila.figueroa@example.com', 0, 1, '2025-11-20', NULL, NULL, 'admin', NULL),
(50, 2, 97000, 'Ignacio', 'Roldán', 32234589, 'Av. Pellegrini 4747', 1, '5050-5151', 'ignacio.roldan@example.com', 0, 1, '2025-11-20', NULL, NULL, 'admin', NULL),
(51, 2, 104000, 'Valeria', 'Aguirre', 33234590, 'Calle Paraná 4848', 1, '5151-5252', 'valeria.aguirre@example.com', 0, 1, '2025-11-20', NULL, NULL, 'admin', NULL),
(52, 2, 93000, 'Tomás', 'Maldonado', 34234591, 'Av. Corrientes 4949', 1, '5252-5353', 'tomas.maldonado@example.com', 0, 1, '2025-11-20', NULL, NULL, 'admin', NULL),
(53, 2, 89000, 'Ana', 'Cervantes', 35234592, 'Calle Belgrano 5050', 1, '5353-5454', 'ana.cervantes@example.com', 0, 1, '2025-11-20', NULL, NULL, 'admin', NULL),
(54, 2, 102000, 'Leandro', 'Suarez', 36234593, 'Av. Rivadavia 5151', 1, '5454-5555', 'leandro.suarez@example.com', 0, 1, '2025-11-20', NULL, NULL, 'admin', NULL),
(55, 2, 97000, 'Gabriela', 'Luna', 37234594, 'Calle San Martín 5252', 1, '5555-5656', 'gabriela.luna@example.com', 0, 1, '2025-11-20', NULL, NULL, 'admin', NULL),
(56, 2, 88000, 'Facundo', 'Bravo', 38234595, 'Av. Callao 5353', 1, '5656-5757', 'facundo.bravo@example.com', 0, 1, '2025-11-20', NULL, NULL, 'admin', NULL),
(57, 2, 105000, 'Carla', 'Meza', 39234596, 'Calle Mitre 5454', 1, '5757-5858', 'carla.meza@example.com', 0, 1, '2025-11-20', NULL, NULL, 'admin', NULL),
(58, 2, 99000, 'Fernando', 'López', 40234597, 'Av. Libertador 5555', 1, '5858-5959', 'fernando.lopez@example.com', 0, 1, '2025-11-20', NULL, NULL, 'admin', NULL),
(59, 2, 86000, 'Mariana', 'Gómez', 41234598, 'Calle Sarmiento 5656', 1, '5959-6060', 'mariana.gomez@example.com', 0, 1, '2025-11-20', NULL, NULL, 'admin', NULL),
(60, 2, 91000, 'Santiago', 'Pérez', 42234599, 'Av. Córdoba 5757', 1, '6060-6161', 'santiago.perez@example.com', 0, 1, '2025-11-20', NULL, NULL, 'admin', NULL);

INSERT INTO `credito` (`credito_id`, `monto_ot`, `tasa_int`, `fecha_fin`, `plazo_dias`, `credito_refinanciado_id`, `habilitado`, `fecha_alta`, `fecha_baja`, `fecha_mod`, `usuario_alta`, `usuario_mod`) VALUES
(1, 150000, 45.00, '2026-06-10', 151, NULL, 1, '2026-01-10', NULL, NULL, 'admin', NULL),
(2, 200000, 38.50, '2026-07-15', 164, NULL, 1, '2026-02-01', NULL, NULL, 'admin', NULL),
(3, 350000, 30.00, '2026-08-20', 168, NULL, 1, '2026-03-05', NULL, NULL, 'admin', NULL),
(4, 500000, 25.00, '2026-09-25', 199, NULL, 1, '2026-03-10', NULL, NULL, 'admin', NULL),
(5, 750000, 22.00, '2026-10-30', 211, NULL, 1, '2026-04-02', NULL, NULL, 'admin', NULL),
(6, 1200000, 28.00, '2027-01-15', 259, NULL, 1, '2026-05-01', NULL, NULL, 'admin', NULL),
(7, 900000, 33.00, '2026-12-10', 209, NULL, 1, '2026-05-15', NULL, NULL, 'admin', NULL),
(8, 650000, 40.00, '2026-11-18', 212, NULL, 1, '2026-04-20', NULL, NULL, 'admin', NULL),
(9, 1800000, 18.00, '2027-03-02', 265, NULL, 1, '2026-06-10', NULL, NULL, 'admin', NULL),
(10, 2500000, 15.00, '2028-04-15', 660, NULL, 1, '2026-06-25', NULL, NULL, 'admin', NULL),
(11, 300000, 42.00, '2026-07-30', 191, NULL, 1, '2026-01-20', NULL, NULL, 'admin', NULL),
(12, 400000, 38.00, '2026-08-15', 182, NULL, 1, '2026-02-14', NULL, NULL, 'admin', NULL),
(13, 320000, 41.50, '2026-07-28', 187, NULL, 1, '2026-01-22', NULL, NULL, 'admin', NULL),
(14, 999000, 27.00, '2026-12-25', 236, NULL, 1, '2026-05-03', NULL, NULL, 'admin', NULL),
(15, 1500000, 19.00, '2027-02-10', 250, NULL, 1, '2026-06-05', NULL, NULL, 'admin', NULL),
(16, 860000, 30.00, '2026-11-10', 193, NULL, 1, '2026-05-01', NULL, NULL, 'admin', NULL),
(17, 540000, 43.00, '2026-10-02', 177, NULL, 1, '2026-04-08', NULL, NULL, 'admin', NULL),
(18, 460000, 45.00, '2026-09-22', 191, NULL, 1, '2026-03-15', NULL, NULL, 'admin', NULL),
(19, 800000, 34.00, '2026-12-05', 207, NULL, 1, '2026-05-12', NULL, NULL, 'admin', NULL),
(20, 700000, 36.00, '2026-11-25', 221, NULL, 1, '2026-04-18', NULL, NULL, 'admin', NULL),
(21, 1300000, 24.00, '2027-03-10', 263, NULL, 1, '2026-06-20', NULL, NULL, 'admin', NULL),
(22, 250000, 50.00, '2026-06-28', 174, NULL, 1, '2026-01-05', NULL, NULL, 'admin', NULL),
(23, 330000, 47.00, '2026-07-15', 168, NULL, 1, '2026-01-28', NULL, NULL, 'admin', NULL),
(24, 900000, 35.00, '2026-12-18', 214, NULL, 1, '2026-05-18', NULL, NULL, 'admin', NULL),
(25, 120000, 52.00, '2026-05-30', 149, NULL, 1, '2026-01-01', NULL, NULL, 'admin', NULL),
(26, 560000, 39.00, '2026-09-12', 191, 1, 1, '2026-03-05', NULL, NULL, 'admin', NULL),
(27, 780000, 32.00, '2026-10-20', 202, 2, 1, '2026-04-01', NULL, NULL, 'admin', NULL),
(28, 920000, 29.00, '2026-11-22', 216, 3, 1, '2026-04-20', NULL, NULL, 'admin', NULL),
(29, 1500000, 21.00, '2027-01-12', 225, 4, 1, '2026-06-01', NULL, NULL, 'admin', NULL),
(30, 500000, 44.00, '2026-09-15', 177, 5, 1, '2026-03-22', NULL, NULL, 'admin', NULL),
(31, 880000, 33.50, '2026-12-01', 205, NULL, 1, '2026-05-10', NULL, NULL, 'admin', NULL),
(32, 260000, 48.20, '2026-07-01', 167, NULL, 1, '2026-01-15', NULL, NULL, 'admin', NULL),
(33, 455000, 42.70, '2026-09-10', 182, NULL, 1, '2026-03-12', NULL, NULL, 'admin', NULL),
(34, 600000, 38.30, '2026-10-25', 204, NULL, 1, '2026-04-04', NULL, NULL, 'admin', NULL),
(35, 890000, 31.40, '2026-12-20', 219, NULL, 1, '2026-05-15', NULL, NULL, 'admin', NULL),
(36, 3050000, 15.00, '2028-06-30', 736, NULL, 1, '2026-06-25', NULL, NULL, 'admin', NULL),
(37, 1500000, 18.50, '2027-03-25', 283, NULL, 1, '2026-06-15', NULL, NULL, 'admin', NULL),
(38, 970000, 26.00, '2026-12-30', 224, NULL, 1, '2026-05-20', NULL, NULL, 'admin', NULL),
(39, 450000, 40.00, '2026-08-10', 173, NULL, 1, '2026-02-18', NULL, NULL, 'admin', NULL),
(40, 510000, 42.50, '2026-09-01', 183, NULL, 1, '2026-03-02', NULL, NULL, 'admin', NULL),
(41, 1900000, 20.00, '2027-04-12', 298, 6, 1, '2026-06-18', NULL, NULL, 'admin', NULL),
(42, 2100000, 17.00, '2027-05-20', 326, 7, 1, '2026-06-28', NULL, NULL, 'admin', NULL),
(43, 800000, 34.50, '2026-11-22', 228, 8, 1, '2026-04-08', NULL, NULL, 'admin', NULL),
(44, 580000, 41.00, '2026-10-05', 189, 9, 1, '2026-03-30', NULL, NULL, 'admin', NULL),
(45, 670000, 37.00, '2026-11-01', 190, 10, 1, '2026-04-25', NULL, NULL, 'admin', NULL),
(46, 990000, 29.00, '2026-12-30', 222, NULL, 1, '2026-05-22', NULL, NULL, 'admin', NULL),
(47, 3300000, 14.50, '2028-01-10', 561, NULL, 1, '2026-06-28', NULL, NULL, 'admin', NULL),
(48, 280000, 49.00, '2026-06-18', 144, NULL, 1, '2026-01-25', NULL, NULL, 'admin', NULL),
(49, 320000, 46.00, '2026-07-05', 150, NULL, 1, '2026-02-05', NULL, NULL, 'admin', NULL),
(50, 150000, 50.50, '2026-05-29', 137, NULL, 1, '2026-01-12', NULL, NULL, 'admin', NULL),
(51, 2500000, 16.00, '2028-05-20', 690, 11, 1, '2026-06-30', NULL, NULL, 'admin', NULL),
(52, 1750000, 22.00, '2027-02-18', 248, 12, 1, '2026-06-15', NULL, NULL, 'admin', NULL),
(53, 900000, 34.00, '2026-12-12', 216, 13, 1, '2026-05-10', NULL, NULL, 'admin', NULL),
(54, 550000, 43.50, '2026-09-15', 189, 14, 1, '2026-03-10', NULL, NULL, 'admin', NULL),
(55, 780000, 37.80, '2026-11-20', 214, 15, 1, '2026-04-20', NULL, NULL, 'admin', NULL),
(56, 680000, 35.20, '2026-10-18', 180, NULL, 1, '2026-04-21', NULL, NULL, 'admin', NULL),
(57, 1450000, 23.80, '2027-01-25', 224, NULL, 1, '2026-06-15', NULL, NULL, 'admin', NULL),
(58, 395000, 44.60, '2026-09-08', 178, NULL, 1, '2026-03-14', NULL, NULL, 'admin', NULL),
(59, 2550000, 17.90, '2028-03-30', 641, NULL, 1, '2026-06-28', NULL, NULL, 'admin', NULL),
(60, 760000, 36.40, '2026-11-28', 220, NULL, 1, '2026-04-22', NULL, NULL, 'admin', NULL);

INSERT INTO `sucursal` (`sucursal_id`, `nombre`, `email`, `telefono`, `direccion`, `habilitado`, `fecha_alta`, `fecha_baja`, `fecha_mod`, `usuario_alta`, `usuario_mod`) VALUES
(1, 'Central', 'central@sistema.com', '1111-0000', 'Av. Principal 100', 1, '2025-11-20', NULL, NULL, 'admin', NULL),
(2, 'Norte', 'norte@sistema.com', '1111-0001', 'Ruta 9 Km 5', 1, '2025-11-20', NULL, NULL, 'admin', NULL),
(3, 'Sur', 'sur@sistema.com', '1111-0002', 'Av. Libertad 450', 1, '2025-11-20', NULL, NULL, 'admin', NULL),
(4, 'Este', 'este@sistema.com', '1111-0003', 'Calle 30 250', 1, '2025-11-20', NULL, NULL, 'admin', NULL),
(5, 'Oeste', 'oeste@sistema.com', '1111-0004', 'Calle 45 700', 1, '2025-11-20', NULL, NULL, 'admin', NULL);

INSERT INTO `empleado` (`empleado_id`, `sucursal_id`, `cargo_id`, `nombre`, `apellido`, `documento`, `direccion`, `tipo_doc_id`, `telefono`, `email`, `es_juridica`, `habilitado`, `fecha_alta`, `fecha_baja`, `fecha_mod`, `usuario_alta`, `usuario_mod`) VALUES
(61, 1, 1, 'Juan', 'López', 10111222, 'Calle 1 123', 1, '1111-0001', 'juan.lopez@example.com', 0, 1, '2025-11-20', NULL, NULL, 'admin', NULL),
(62, 1, 2, 'María', 'Sosa', 10111223, 'Calle 2 345', 1, '1111-0002', 'maria.sosa@example.com', 0, 1, '2025-11-20', NULL, NULL, 'admin', NULL),
(63, 2, 3, 'Carlos', 'Paz', 10111224, 'Av. 3 456', 1, '1111-0003', 'carlos.paz@example.com', 0, 1, '2025-11-20', NULL, NULL, 'admin', NULL),
(64, 2, 4, 'Lucía', 'Ríos', 10111225, 'Av. 4 789', 1, '1111-0004', 'lucia.rios@example.com', 0, 1, '2025-11-20', NULL, NULL, 'admin', NULL),
(65, 3, 1, 'Pedro', 'García', 10111226, 'Calle 5 100', 1, '1111-0005', 'pedro.garcia@example.com', 0, 1, '2025-11-20', NULL, NULL, 'admin', NULL),
(66, 3, 2, 'Ana', 'Torres', 10111227, 'Calle 6 200', 1, '1111-0006', 'ana.torres@example.com', 0, 1, '2025-11-20', NULL, NULL, 'admin', NULL),
(67, 4, 3, 'Diego', 'Martínez', 10111228, 'Av. 7 300', 1, '1111-0007', 'diego.martinez@example.com', 0, 1, '2025-11-20', NULL, NULL, 'admin', NULL),
(68, 4, 4, 'Sofía', 'Romero', 10111229, 'Av. 8 400', 1, '1111-0008', 'sofia.romero@example.com', 0, 1, '2025-11-20', NULL, NULL, 'admin', NULL),
(69, 5, 5, 'Hernán', 'Vera', 10111230, 'Calle 9 500', 1, '1111-0009', 'hernan.vera@example.com', 0, 1, '2025-11-20', NULL, NULL, 'admin', NULL),
(70, 5, 6, 'Patricia', 'Luna', 10111231, 'Calle 10 600', 1, '1111-0010', 'patricia.luna@example.com', 0, 1, '2025-11-20', NULL, NULL, 'admin', NULL),
(71, 1, 1, 'Jorge', 'Acosta', 10111232, 'Calle 11 120', 1, '1111-0011', 'jorge.acosta@example.com', 0, 1, '2025-11-20', NULL, NULL, 'admin', NULL),
(72, 2, 2, 'Natalia', 'Molina', 10111233, 'Calle 12 220', 1, '1111-0012', 'natalia.molina@example.com', 0, 1, '2025-11-20', NULL, NULL, 'admin', NULL),
(73, 3, 3, 'Rodrigo', 'Funes', 10111234, 'Calle 13 320', 1, '1111-0013', 'rodrigo.funes@example.com', 0, 1, '2025-11-20', NULL, NULL, 'admin', NULL),
(74, 4, 4, 'Florencia', 'Bustamante', 10111235, 'Av. 14 420', 1, '1111-0014', 'flor.bustamante@example.com', 0, 1, '2025-11-20', NULL, NULL, 'admin', NULL),
(75, 5, 5, 'Esteban', 'Gómez', 10111236, 'Av. 15 520', 1, '1111-0015', 'esteban.gomez@example.com', 0, 1, '2025-11-20', NULL, NULL, 'admin', NULL),
(76, 1, 6, 'Micaela', 'Correa', 10111237, 'Calle 16 620', 1, '1111-0016', 'micaela.correa@example.com', 0, 1, '2025-11-20', NULL, NULL, 'admin', NULL),
(77, 2, 1, 'Franco', 'Peralta', 10111238, 'Calle 17 720', 1, '1111-0017', 'franco.peralta@example.com', 0, 1, '2025-11-20', NULL, NULL, 'admin', NULL),
(78, 3, 2, 'Carolina', 'Salas', 10111239, 'Av. 18 820', 1, '1111-0018', 'carolina.salas@example.com', 0, 1, '2025-11-20', NULL, NULL, 'admin', NULL),
(79, 4, 3, 'Ricardo', 'Vázquez', 10111240, 'Av. 19 920', 1, '1111-0019', 'ricardo.vazquez@example.com', 0, 1, '2025-11-20', NULL, NULL, 'admin', NULL),
(80, 5, 4, 'Julia', 'Aguilar', 10111241, 'Calle 20 1020', 1, '1111-0020', 'julia.aguilar@example.com', 0, 1, '2025-11-20', NULL, NULL, 'admin', NULL),
(81, 1, 5, 'Tomás', 'Ferreyra', 10111242, 'Calle 21 110', 1, '1111-0021', 'tomas.ferreyra@example.com', 0, 1, '2025-11-20', NULL, NULL, 'admin', NULL),
(82, 2, 6, 'Bárbara', 'Herrera', 10111243, 'Calle 22 210', 1, '1111-0022', 'barbara.herrera@example.com', 0, 1, '2025-11-20', NULL, NULL, 'admin', NULL),
(83, 3, 1, 'Gabriel', 'Nuñez', 10111244, 'Calle 23 310', 1, '1111-0023', 'gabriel.nunez@example.com', 0, 1, '2025-11-20', NULL, NULL, 'admin', NULL),
(84, 4, 2, 'Paula', 'Estrada', 10111245, 'Av. 24 410', 1, '1111-0024', 'paula.estrada@example.com', 0, 1, '2025-11-20', NULL, NULL, 'admin', NULL),
(85, 5, 3, 'Leonardo', 'Soria', 10111246, 'Av. 25 510', 1, '1111-0025', 'leonardo.soria@example.com', 0, 1, '2025-11-20', NULL, NULL, 'admin', NULL),
(86, 1, 4, 'Cintia', 'Benítez', 10111247, 'Calle 26 610', 1, '1111-0026', 'cintia.benitez@example.com', 0, 1, '2025-11-20', NULL, NULL, 'admin', NULL),
(87, 2, 5, 'Federico', 'Ojeda', 10111248, 'Calle 27 710', 1, '1111-0027', 'federico.ojeda@example.com', 0, 1, '2025-11-20', NULL, NULL, 'admin', NULL),
(88, 3, 6, 'Ailén', 'Paredes', 10111249, 'Av. 28 810', 1, '1111-0028', 'ailen.paredes@example.com', 0, 1, '2025-11-20', NULL, NULL, 'admin', NULL),
(89, 4, 1, 'Gonzalo', 'Miranda', 10111250, 'Av. 29 910', 1, '1111-0029', 'gonzalo.miranda@example.com', 0, 1, '2025-11-20', NULL, NULL, 'admin', NULL),
(90, 5, 2, 'Daniela', 'Cáceres', 10111251, 'Calle 30 1010', 1, '1111-0030', 'daniela.caceres@example.com', 0, 1, '2025-11-20', NULL, NULL, 'admin', NULL),
(91, 1, 3, 'Agustín', 'Rivero', 10111252, 'Calle 31 130', 1, '1111-0031', 'agustin.rivero@example.com', 0, 1, '2025-11-20', NULL, NULL, 'admin', NULL),
(92, 2, 4, 'Valeria', 'Duque', 10111253, 'Calle 32 230', 1, '1111-0032', 'valeria.duque@example.com', 0, 1, '2025-11-20', NULL, NULL, 'admin', NULL),
(93, 3, 5, 'Mauricio', 'Brito', 10111254, 'Calle 33 330', 1, '1111-0033', 'mauricio.brito@example.com', 0, 1, '2025-11-20', NULL, NULL, 'admin', NULL),
(94, 4, 6, 'Nadia', 'Silva', 10111255, 'Av. 34 430', 1, '1111-0034', 'nadia.silva@example.com', 0, 1, '2025-11-20', NULL, NULL, 'admin', NULL),
(95, 5, 1, 'Iván', 'Castro', 10111256, 'Av. 35 530', 1, '1111-0035', 'ivan.castro@example.com', 0, 1, '2025-11-20', NULL, NULL, 'admin', NULL),
(96, 1, 2, 'Rocío', 'Montiel', 10111257, 'Calle 36 630', 1, '1111-0036', 'rocio.montiel@example.com', 0, 1, '2025-11-20', NULL, NULL, 'admin', NULL),
(97, 2, 3, 'Marcos', 'Becerra', 10111258, 'Calle 37 730', 1, '1111-0037', 'marcos.becerra@example.com', 0, 1, '2025-11-20', NULL, NULL, 'admin', NULL),
(98, 3, 4, 'Melisa', 'Roldán', 10111259, 'Av. 38 830', 1, '1111-0038', 'melisa.roldan@example.com', 0, 1, '2025-11-20', NULL, NULL, 'admin', NULL),
(99, 4, 5, 'Sebastián', 'Bravo', 10111260, 'Av. 39 930', 1, '1111-0039', 'sebastian.bravo@example.com', 0, 1, '2025-11-20', NULL, NULL, 'admin', NULL),
(100, 5, 6, 'Diana', 'Campos', 10111261, 'Calle 40 1030', 1, '1111-0040', 'diana.campos@example.com', 0, 1, '2025-11-20', NULL, NULL, 'admin', NULL),
(101, 1, 1, 'Servicios Alfa', '', 30900101, 'Industrial 100', 3, '2222-1001', 'contacto@alfa.com', 1, 1, '2025-11-20', NULL, NULL, 'admin', NULL),
(102, 1, 2, 'TechNova SA', '', 30900102, 'Industria 200', 3, '2222-1002', 'info@technova.com', 1, 1, '2025-11-20', NULL, NULL, 'admin', NULL),
(103, 2, 3, 'Logística Sur', '', 30900103, 'Depósito 300', 3, '2222-1003', 'admin@logisticasur.com', 1, 1, '2025-11-20', NULL, NULL, 'admin', NULL),
(104, 2, 4, 'Transporte Norte', '', 30900104, 'Ruta 400', 3, '2222-1004', 'contacto@tnorte.com', 1, 1, '2025-11-20', NULL, NULL, 'admin', NULL),
(105, 3, 5, 'Desarrollos Delta', '', 30900105, 'Tecnología 500', 3, '2222-1005', 'delta@dev.com', 1, 1, '2025-11-20', NULL, NULL, 'admin', NULL),
(106, 3, 6, 'Constructora Beta', '', 30900106, 'Obra 600', 3, '2222-1006', 'info@beta.com', 1, 1, '2025-11-20', NULL, NULL, 'admin', NULL),
(107, 4, 1, 'AgroCentro SA', '', 30900107, 'Campo 700', 3, '2222-1007', 'agro@centro.com', 1, 1, '2025-11-20', NULL, NULL, 'admin', NULL),
(108, 4, 2, 'Metalúrgica Orion', '', 30900108, 'Metal 800', 3, '2222-1008', 'orion@metal.com', 1, 1, '2025-11-20', NULL, NULL, 'admin', NULL),
(109, 5, 3, 'Energía Prisma', '', 30900109, 'Central 900', 3, '2222-1009', 'prisma@energia.com', 1, 1, '2025-11-20', NULL, NULL, 'admin', NULL),
(110, 5, 4, 'Distribuidora Azul', '', 30900110, 'Depósito 1000', 3, '2222-1010', 'azul@dist.com', 1, 1, '2025-11-20', NULL, NULL, 'admin', NULL),
(111, 1, 5, 'Servicios Omega', '', 30900111, 'Corporativo 1100', 3, '2222-1011', 'omega@servicios.com', 1, 1, '2025-11-20', NULL, NULL, 'admin', NULL),
(112, 2, 6, 'GlobalNet SA', '', 30900112, 'Redes 1200', 3, '2222-1012', 'contacto@globalnet.com', 1, 1, '2025-11-20', NULL, NULL, 'admin', NULL),
(113, 3, 1, 'Farmacia Plus', '', 30900113, 'Salud 1300', 3, '2222-1013', 'info@fplus.com', 1, 1, '2025-11-20', NULL, NULL, 'admin', NULL),
(114, 4, 2, 'Maderas Sur', '', 30900114, 'Bosque 1400', 3, '2222-1014', 'ventas@maderassur.com', 1, 1, '2025-11-20', NULL, NULL, 'admin', NULL),
(115, 5, 3, 'Consultora Línea', '', 30900115, 'Negocios 1500', 3, '2222-1015', 'linea@consultora.com', 1, 1, '2025-11-20', NULL, NULL, 'admin', NULL),
(116, 1, 4, 'HostingCloud', '', 30900116, 'Server 1600', 3, '2222-1016', 'support@hcloud.com', 1, 1, '2025-11-20', NULL, NULL, 'admin', NULL),
(117, 2, 5, 'ElectroMundo', '', 30900117, 'Comercial 1700', 3, '2222-1017', 'contacto@electro.com', 1, 1, '2025-11-20', NULL, NULL, 'admin', NULL),
(118, 3, 6, 'Lácteos del Valle', '', 30900118, 'Campo 1800', 3, '2222-1018', 'ventas@valle.com', 1, 1, '2025-11-20', NULL, NULL, 'admin', NULL),
(119, 4, 1, 'Panificados Sol', '', 30900119, 'Fábrica 1900', 3, '2222-1019', 'sol@panificados.com', 1, 1, '2025-11-20', NULL, NULL, 'admin', NULL),
(120, 5, 2, 'RopaMax', '', 30900120, 'Indumentaria 2000', 3, '2222-1020', 'contacto@ropamax.com', 1, 1, '2025-11-20', NULL, NULL, 'admin', NULL);

INSERT INTO `solicitud` (`solicitud_id`, `motivo`, `monto`, `estado`, `cliente_id`, `producto_finan_id`, `credito_id`, `habilitado`, `fecha_alta`, `fecha_baja`, `fecha_mod`, `usuario_alta`, `usuario_mod`) VALUES
(1, 'Compra', 45000, 'aprobado', 1, 1, 1, 1, '2025-11-20', NULL, NULL, 'admin', NULL),
(2, 'Gastos varios', 120000, 'rechazado', 2, 2, 2, 1, '2025-11-20', NULL, NULL, 'admin', NULL),
(3, 'Inversión', 80000, 'revision', 3, 3, 3, 1, '2025-11-20', NULL, NULL, 'admin', NULL),
(4, 'Refinanciación', 30000, 'aprobado', 4, 4, 4, 1, '2025-11-20', NULL, NULL, 'admin', NULL),
(5, 'Compra', 90000, 'rechazado', 5, 1, 5, 1, '2025-11-20', NULL, NULL, 'admin', NULL),
(6, 'Gastos varios', 75000, 'revision', 6, 2, 6, 1, '2025-11-20', NULL, NULL, 'admin', NULL),
(7, 'Inversión', 200000, 'aprobado', 7, 3, 7, 1, '2025-11-20', NULL, NULL, 'admin', NULL),
(8, 'Refinanciación', 50000, 'rechazado', 8, 4, 8, 1, '2025-11-20', NULL, NULL, 'admin', NULL),
(9, 'Compra', 65000, 'revision', 9, 1, 9, 1, '2025-11-20', NULL, NULL, 'admin', NULL),
(10, 'Gastos varios', 50000, 'aprobado', 10, 2, 10, 1, '2025-11-20', NULL, NULL, 'admin', NULL),
(11, 'Inversión', 180000, 'rechazado', 11, 3, 11, 1, '2025-11-20', NULL, NULL, 'admin', NULL),
(12, 'Refinanciación', 40000, 'revision', 12, 4, 12, 1, '2025-11-20', NULL, NULL, 'admin', NULL),
(13, 'Compra', 90000, 'aprobado', 13, 1, 13, 1, '2025-11-20', NULL, NULL, 'admin', NULL),
(14, 'Gastos varios', 30000, 'rechazado', 14, 2, 14, 1, '2025-11-20', NULL, NULL, 'admin', NULL),
(15, 'Inversión', 150000, 'revision', 15, 3, 15, 1, '2025-11-20', NULL, NULL, 'admin', NULL),
(16, 'Refinanciación', 70000, 'aprobado', 16, 4, 16, 1, '2025-11-20', NULL, NULL, 'admin', NULL),
(17, 'Compra', 85000, 'rechazado', 17, 1, 17, 1, '2025-11-20', NULL, NULL, 'admin', NULL),
(18, 'Gastos varios', 60000, 'revision', 18, 2, 18, 1, '2025-11-20', NULL, NULL, 'admin', NULL),
(19, 'Inversión', 210000, 'aprobado', 19, 3, 19, 1, '2025-11-20', NULL, NULL, 'admin', NULL),
(20, 'Refinanciación', 55000, 'rechazado', 20, 4, 20, 1, '2025-11-20', NULL, NULL, 'admin', NULL),
(21, 'Compra', 40000, 'revision', 21, 1, 21, 1, '2025-11-20', NULL, NULL, 'admin', NULL),
(22, 'Gastos varios', 90000, 'aprobado', 22, 2, 22, 1, '2025-11-20', NULL, NULL, 'admin', NULL),
(23, 'Inversión', 300000, 'rechazado', 23, 3, 23, 1, '2025-11-20', NULL, NULL, 'admin', NULL),
(24, 'Refinanciación', 80000, 'revision', 24, 4, 24, 1, '2025-11-20', NULL, NULL, 'admin', NULL),
(25, 'Compra', 70000, 'aprobado', 25, 1, 25, 1, '2025-11-20', NULL, NULL, 'admin', NULL),
(26, 'Gastos varios', 50000, 'rechazado', 26, 2, 26, 1, '2025-11-20', NULL, NULL, 'admin', NULL),
(27, 'Inversión', 250000, 'revision', 27, 3, 27, 1, '2025-11-20', NULL, NULL, 'admin', NULL),
(28, 'Refinanciación', 60000, 'aprobado', 28, 4, 28, 1, '2025-11-20', NULL, NULL, 'admin', NULL),
(29, 'Compra', 95000, 'rechazado', 29, 1, 29, 1, '2025-11-20', NULL, NULL, 'admin', NULL),
(30, 'Gastos varios', 45000, 'revision', 30, 2, 30, 1, '2025-11-20', NULL, NULL, 'admin', NULL),
(31, 'Inversión', 120000, 'aprobado', 31, 3, 31, 1, '2025-11-20', NULL, NULL, 'admin', NULL),
(32, 'Refinanciación', 35000, 'rechazado', 32, 4, 32, 1, '2025-11-20', NULL, NULL, 'admin', NULL),
(33, 'Compra', 50000, 'revision', 33, 1, 33, 1, '2025-11-20', NULL, NULL, 'admin', NULL),
(34, 'Gastos varios', 110000, 'aprobado', 34, 2, 34, 1, '2025-11-20', NULL, NULL, 'admin', NULL),
(35, 'Inversión', 160000, 'rechazado', 35, 3, 35, 1, '2025-11-20', NULL, NULL, 'admin', NULL),
(36, 'Refinanciación', 45000, 'revision', 36, 4, 36, 1, '2025-11-20', NULL, NULL, 'admin', NULL),
(37, 'Compra', 88000, 'aprobado', 37, 1, 37, 1, '2025-11-20', NULL, NULL, 'admin', NULL),
(38, 'Gastos varios', 40000, 'rechazado', 38, 2, 38, 1, '2025-11-20', NULL, NULL, 'admin', NULL),
(39, 'Inversión', 140000, 'revision', 39, 3, 39, 1, '2025-11-20', NULL, NULL, 'admin', NULL),
(40, 'Refinanciación', 90000, 'aprobado', 40, 4, 40, 1, '2025-11-20', NULL, NULL, 'admin', NULL),
(41, 'Compra', 42000, 'rechazado', 41, 1, 41, 1, '2025-11-20', NULL, NULL, 'admin', NULL),
(42, 'Gastos varios', 30000, 'revision', 42, 2, 42, 1, '2025-11-20', NULL, NULL, 'admin', NULL),
(43, 'Inversión', 220000, 'aprobado', 43, 3, 43, 1, '2025-11-20', NULL, NULL, 'admin', NULL),
(44, 'Refinanciación', 75000, 'rechazado', 44, 4, 44, 1, '2025-11-20', NULL, NULL, 'admin', NULL),
(45, 'Compra', 55000, 'revision', 45, 1, 45, 1, '2025-11-20', NULL, NULL, 'admin', NULL),
(46, 'Gastos varios', 50000, 'aprobado', 46, 2, 46, 1, '2025-11-20', NULL, NULL, 'admin', NULL),
(47, 'Inversión', 195000, 'rechazado', 47, 3, 47, 1, '2025-11-20', NULL, NULL, 'admin', NULL),
(48, 'Refinanciación', 60000, 'revision', 48, 4, 48, 1, '2025-11-20', NULL, NULL, 'admin', NULL),
(49, 'Compra', 89000, 'aprobado', 49, 1, 49, 1, '2025-11-20', NULL, NULL, 'admin', NULL),
(50, 'Gastos varios', 70000, 'rechazado', 50, 2, 50, 1, '2025-11-20', NULL, NULL, 'admin', NULL),
(51, 'Inversión', 135000, 'revision', 51, 3, 51, 1, '2025-11-20', NULL, NULL, 'admin', NULL),
(52, 'Refinanciación', 80000, 'aprobado', 52, 4, 52, 1, '2025-11-20', NULL, NULL, 'admin', NULL),
(53, 'Compra', 60000, 'rechazado', 53, 1, 53, 1, '2025-11-20', NULL, NULL, 'admin', NULL),
(54, 'Gastos varios', 40000, 'revision', 54, 2, 54, 1, '2025-11-20', NULL, NULL, 'admin', NULL),
(55, 'Inversión', 230000, 'aprobado', 55, 3, 55, 1, '2025-11-20', NULL, NULL, 'admin', NULL),
(56, 'Refinanciación', 50000, 'rechazado', 56, 4, 56, 1, '2025-11-20', NULL, NULL, 'admin', NULL),
(57, 'Compra', 75000, 'revision', 57, 1, 57, 1, '2025-11-20', NULL, NULL, 'admin', NULL),
(58, 'Gastos varios', 85000, 'aprobado', 58, 2, 58, 1, '2025-11-20', NULL, NULL, 'admin', NULL),
(59, 'Inversión', 250000, 'rechazado', 59, 3, 59, 1, '2025-11-20', NULL, NULL, 'admin', NULL),
(60, 'Refinanciación', 90000, 'revision', 60, 4, 60, 1, '2025-11-20', NULL, NULL, 'admin', NULL);

INSERT INTO `evaluacion_riesgo` (`evaluacion_riesgo_id`, `puntaje_riesgo`, `estado`, `solicitud_id`, `habilitado`, `fecha_alta`, `fecha_baja`, `fecha_mod`, `usuario_alta`, `usuario_mod`) VALUES
(121, 82, 'aprobado', 1, 1, '2025-11-20', NULL, NULL, 'admin', NULL),
(122, 45, 'revision', 2, 1, '2025-11-20', NULL, NULL, 'admin', NULL),
(123, 67, 'aprobado', 3, 1, '2025-11-20', NULL, NULL, 'admin', NULL),
(124, 23, 'rechazado', 4, 1, '2025-11-20', NULL, NULL, 'admin', NULL),
(125, 91, 'aprobado', 5, 1, '2025-11-20', NULL, NULL, 'admin', NULL),
(126, 55, 'revision', 6, 1, '2025-11-20', NULL, NULL, 'admin', NULL),
(127, 39, 'rechazado', 7, 1, '2025-11-20', NULL, NULL, 'admin', NULL),
(128, 78, 'aprobado', 8, 1, '2025-11-20', NULL, NULL, 'admin', NULL),
(129, 62, 'revision', 9, 1, '2025-11-20', NULL, NULL, 'admin', NULL),
(130, 30, 'rechazado', 10, 1, '2025-11-20', NULL, NULL, 'admin', NULL),
(131, 84, 'aprobado', 11, 1, '2025-11-20', NULL, NULL, 'admin', NULL),
(132, 51, 'revision', 12, 1, '2025-11-20', NULL, NULL, 'admin', NULL),
(133, 72, 'aprobado', 13, 1, '2025-11-20', NULL, NULL, 'admin', NULL),
(134, 28, 'rechazado', 14, 1, '2025-11-20', NULL, NULL, 'admin', NULL),
(135, 93, 'aprobado', 15, 1, '2025-11-20', NULL, NULL, 'admin', NULL),
(136, 57, 'revision', 16, 1, '2025-11-20', NULL, NULL, 'admin', NULL),
(137, 41, 'rechazado', 17, 1, '2025-11-20', NULL, NULL, 'admin', NULL),
(138, 80, 'aprobado', 18, 1, '2025-11-20', NULL, NULL, 'admin', NULL),
(139, 64, 'revision', 19, 1, '2025-11-20', NULL, NULL, 'admin', NULL),
(140, 32, 'rechazado', 20, 1, '2025-11-20', NULL, NULL, 'admin', NULL),
(141, 88, 'aprobado', 21, 1, '2025-11-20', NULL, NULL, 'admin', NULL),
(142, 53, 'revision', 22, 1, '2025-11-20', NULL, NULL, 'admin', NULL),
(143, 70, 'aprobado', 23, 1, '2025-11-20', NULL, NULL, 'admin', NULL),
(144, 26, 'rechazado', 24, 1, '2025-11-20', NULL, NULL, 'admin', NULL),
(145, 95, 'aprobado', 25, 1, '2025-11-20', NULL, NULL, 'admin', NULL),
(146, 59, 'revision', 26, 1, '2025-11-20', NULL, NULL, 'admin', NULL),
(147, 43, 'rechazado', 27, 1, '2025-11-20', NULL, NULL, 'admin', NULL),
(148, 82, 'aprobado', 28, 1, '2025-11-20', NULL, NULL, 'admin', NULL),
(149, 66, 'revision', 29, 1, '2025-11-20', NULL, NULL, 'admin', NULL),
(150, 34, 'rechazado', 30, 1, '2025-11-20', NULL, NULL, 'admin', NULL),
(151, 90, 'aprobado', 31, 1, '2025-11-20', NULL, NULL, 'admin', NULL),
(152, 52, 'revision', 32, 1, '2025-11-20', NULL, NULL, 'admin', NULL),
(153, 75, 'aprobado', 33, 1, '2025-11-20', NULL, NULL, 'admin', NULL),
(154, 29, 'rechazado', 34, 1, '2025-11-20', NULL, NULL, 'admin', NULL),
(155, 92, 'aprobado', 35, 1, '2025-11-20', NULL, NULL, 'admin', NULL),
(156, 60, 'revision', 36, 1, '2025-11-20', NULL, NULL, 'admin', NULL),
(157, 44, 'rechazado', 37, 1, '2025-11-20', NULL, NULL, 'admin', NULL),
(158, 81, 'aprobado', 38, 1, '2025-11-20', NULL, NULL, 'admin', NULL),
(159, 63, 'revision', 39, 1, '2025-11-20', NULL, NULL, 'admin', NULL),
(160, 33, 'rechazado', 40, 1, '2025-11-20', NULL, NULL, 'admin', NULL),
(161, 87, 'aprobado', 41, 1, '2025-11-20', NULL, NULL, 'admin', NULL),
(162, 54, 'revision', 42, 1, '2025-11-20', NULL, NULL, 'admin', NULL),
(163, 73, 'aprobado', 43, 1, '2025-11-20', NULL, NULL, 'admin', NULL),
(164, 27, 'rechazado', 44, 1, '2025-11-20', NULL, NULL, 'admin', NULL),
(165, 94, 'aprobado', 45, 1, '2025-11-20', NULL, NULL, 'admin', NULL),
(166, 58, 'revision', 46, 1, '2025-11-20', NULL, NULL, 'admin', NULL),
(167, 40, 'rechazado', 47, 1, '2025-11-20', NULL, NULL, 'admin', NULL),
(168, 79, 'aprobado', 48, 1, '2025-11-20', NULL, NULL, 'admin', NULL),
(169, 65, 'revision', 49, 1, '2025-11-20', NULL, NULL, 'admin', NULL),
(170, 31, 'rechazado', 50, 1, '2025-11-20', NULL, NULL, 'admin', NULL),
(171, 89, 'aprobado', 51, 1, '2025-11-20', NULL, NULL, 'admin', NULL),
(172, 50, 'revision', 52, 1, '2025-11-20', NULL, NULL, 'admin', NULL),
(173, 76, 'aprobado', 53, 1, '2025-11-20', NULL, NULL, 'admin', NULL),
(174, 25, 'rechazado', 54, 1, '2025-11-20', NULL, NULL, 'admin', NULL),
(175, 96, 'aprobado', 55, 1, '2025-11-20', NULL, NULL, 'admin', NULL),
(176, 56, 'revision', 56, 1, '2025-11-20', NULL, NULL, 'admin', NULL),
(177, 42, 'rechazado', 57, 1, '2025-11-20', NULL, NULL, 'admin', NULL),
(178, 83, 'aprobado', 58, 1, '2025-11-20', NULL, NULL, 'admin', NULL),
(179, 61, 'revision', 59, 1, '2025-11-20', NULL, NULL, 'admin', NULL),
(180, 35, 'rechazado', 60, 1, '2025-11-20', NULL, NULL, 'admin', NULL);

INSERT INTO `evaluacion_seg` (`evaluacion_seg_id`, `comportamiento_pago`, `nivel_endeudamiento`, `cliente_id`, `habilitado`, `fecha_alta`, `fecha_baja`, `fecha_mod`, `usuario_alta`, `usuario_mod`) VALUES
(1, 'bueno', 20, 1, 1, '2025-11-20', NULL, NULL, 'admin', NULL),
(2, 'regular', 45, 2, 1, '2025-11-20', NULL, NULL, 'admin', NULL),
(3, 'malo', 70, 3, 1, '2025-11-20', NULL, NULL, 'admin', NULL),
(4, 'bueno', 30, 4, 1, '2025-11-20', NULL, NULL, 'admin', NULL),
(5, 'regular', 55, 5, 1, '2025-11-20', NULL, NULL, 'admin', NULL),
(6, 'malo', 80, 6, 1, '2025-11-20', NULL, NULL, 'admin', NULL),
(7, 'bueno', 25, 7, 1, '2025-11-20', NULL, NULL, 'admin', NULL),
(8, 'regular', 50, 8, 1, '2025-11-20', NULL, NULL, 'admin', NULL),
(9, 'malo', 75, 9, 1, '2025-11-20', NULL, NULL, 'admin', NULL),
(10, 'bueno', 35, 10, 1, '2025-11-20', NULL, NULL, 'admin', NULL),
(11, 'regular', 60, 11, 1, '2025-11-20', NULL, NULL, 'admin', NULL),
(12, 'malo', 85, 12, 1, '2025-11-20', NULL, NULL, 'admin', NULL),
(13, 'bueno', 22, 13, 1, '2025-11-20', NULL, NULL, 'admin', NULL),
(14, 'regular', 48, 14, 1, '2025-11-20', NULL, NULL, 'admin', NULL),
(15, 'malo', 72, 15, 1, '2025-11-20', NULL, NULL, 'admin', NULL),
(16, 'bueno', 28, 16, 1, '2025-11-20', NULL, NULL, 'admin', NULL),
(17, 'regular', 53, 17, 1, '2025-11-20', NULL, NULL, 'admin', NULL),
(18, 'malo', 78, 18, 1, '2025-11-20', NULL, NULL, 'admin', NULL),
(19, 'bueno', 32, 19, 1, '2025-11-20', NULL, NULL, 'admin', NULL),
(20, 'regular', 58, 20, 1, '2025-11-20', NULL, NULL, 'admin', NULL),
(21, 'malo', 82, 21, 1, '2025-11-20', NULL, NULL, 'admin', NULL),
(22, 'bueno', 24, 22, 1, '2025-11-20', NULL, NULL, 'admin', NULL),
(23, 'regular', 49, 23, 1, '2025-11-20', NULL, NULL, 'admin', NULL),
(24, 'malo', 71, 24, 1, '2025-11-20', NULL, NULL, 'admin', NULL),
(25, 'bueno', 27, 25, 1, '2025-11-20', NULL, NULL, 'admin', NULL),
(26, 'regular', 54, 26, 1, '2025-11-20', NULL, NULL, 'admin', NULL),
(27, 'malo', 79, 27, 1, '2025-11-20', NULL, NULL, 'admin', NULL),
(28, 'bueno', 33, 28, 1, '2025-11-20', NULL, NULL, 'admin', NULL),
(29, 'regular', 57, 29, 1, '2025-11-20', NULL, NULL, 'admin', NULL),
(30, 'malo', 83, 30, 1, '2025-11-20', NULL, NULL, 'admin', NULL),
(31, 'bueno', 23, 31, 1, '2025-11-20', NULL, NULL, 'admin', NULL),
(32, 'regular', 47, 32, 1, '2025-11-20', NULL, NULL, 'admin', NULL),
(33, 'malo', 74, 33, 1, '2025-11-20', NULL, NULL, 'admin', NULL),
(34, 'bueno', 29, 34, 1, '2025-11-20', NULL, NULL, 'admin', NULL),
(35, 'regular', 52, 35, 1, '2025-11-20', NULL, NULL, 'admin', NULL),
(36, 'malo', 77, 36, 1, '2025-11-20', NULL, NULL, 'admin', NULL),
(37, 'bueno', 31, 37, 1, '2025-11-20', NULL, NULL, 'admin', NULL),
(38, 'regular', 56, 38, 1, '2025-11-20', NULL, NULL, 'admin', NULL),
(39, 'malo', 81, 39, 1, '2025-11-20', NULL, NULL, 'admin', NULL),
(40, 'bueno', 26, 40, 1, '2025-11-20', NULL, NULL, 'admin', NULL),
(41, 'regular', 51, 41, 1, '2025-11-20', NULL, NULL, 'admin', NULL),
(42, 'malo', 76, 42, 1, '2025-11-20', NULL, NULL, 'admin', NULL),
(43, 'bueno', 34, 43, 1, '2025-11-20', NULL, NULL, 'admin', NULL),
(44, 'regular', 59, 44, 1, '2025-11-20', NULL, NULL, 'admin', NULL),
(45, 'malo', 84, 45, 1, '2025-11-20', NULL, NULL, 'admin', NULL),
(46, 'bueno', 21, 46, 1, '2025-11-20', NULL, NULL, 'admin', NULL),
(47, 'regular', 46, 47, 1, '2025-11-20', NULL, NULL, 'admin', NULL),
(48, 'malo', 73, 48, 1, '2025-11-20', NULL, NULL, 'admin', NULL),
(49, 'bueno', 28, 49, 1, '2025-11-20', NULL, NULL, 'admin', NULL),
(50, 'regular', 55, 50, 1, '2025-11-20', NULL, NULL, 'admin', NULL),
(51, 'malo', 88, 51, 1, '2025-11-20', NULL, NULL, 'admin', NULL),
(52, 'bueno', 22, 52, 1, '2025-11-20', NULL, NULL, 'admin', NULL),
(53, 'regular', 50, 53, 1, '2025-11-20', NULL, NULL, 'admin', NULL),
(54, 'malo', 79, 54, 1, '2025-11-20', NULL, NULL, 'admin', NULL),
(55, 'bueno', 33, 55, 1, '2025-11-20', NULL, NULL, 'admin', NULL),
(56, 'regular', 57, 56, 1, '2025-11-20', NULL, NULL, 'admin', NULL),
(57, 'malo', 82, 57, 1, '2025-11-20', NULL, NULL, 'admin', NULL),
(58, 'bueno', 24, 58, 1, '2025-11-20', NULL, NULL, 'admin', NULL),
(59, 'regular', 49, 59, 1, '2025-11-20', NULL, NULL, 'admin', NULL),
(60, 'malo', 75, 60, 1, '2025-11-20', NULL, NULL, 'admin', NULL);

INSERT INTO `garante` (`garante_id`, `relacion_cliente`, `nombre`, `apellido`, `documento`, `direccion`, `tipo_doc_id`, `telefono`, `email`, `es_juridica`, `habilitado`, `fecha_alta`, `fecha_baja`, `fecha_mod`, `usuario_alta`, `usuario_mod`) VALUES
(1, 'familiar', 'Garante1', 'Pérez', 30111222, 'Av. Belgrano 123', 1, '11-4567-1001', 'g1@gmail.com', 0, 1, '2025-11-20', NULL, NULL, 'admin', NULL),
(2, 'familiar', 'Garante2', 'García', 29888777, 'Calle Mitre 450', 2, '11-4567-1002', 'g2@gmail.com', 0, 1, '2025-11-20', NULL, NULL, 'admin', NULL),
(3, 'familiar', 'Garante3', 'López', 31222333, 'San Martín 789', 3, '11-4567-1003', 'g3@gmail.com', 0, 1, '2025-11-20', NULL, NULL, 'admin', NULL),
(4, 'familiar', 'Garante4', 'Martínez', 28777666, 'Av. Rivadavia 1500', 4, '11-4567-1004', 'g4@gmail.com', 0, 1, '2025-11-20', NULL, NULL, 'admin', NULL),
(5, 'familiar', 'Garante5', 'Gómez', 30999888, 'Dorrego 950', 1, '11-4567-1005', 'g5@gmail.com', 0, 1, '2025-11-20', NULL, NULL, 'admin', NULL),
(6, 'familiar', 'Garante6', 'Díaz', 30123456, 'Castelli 624', 2, '11-4567-1006', 'g6@gmail.com', 0, 1, '2025-11-20', NULL, NULL, 'admin', NULL),
(7, 'familiar', 'Garante7', 'Sosa', 29444555, 'Hipólito Yrigoyen 2100', 3, '11-4567-1007', 'g7@gmail.com', 0, 1, '2025-11-20', NULL, NULL, 'admin', NULL),
(8, 'familiar', 'Garante8', 'Romero', 31333999, 'Jujuy 430', 4, '11-4567-1008', 'g8@gmail.com', 0, 1, '2025-11-20', NULL, NULL, 'admin', NULL),
(9, 'familiar', 'Garante9', 'Ruiz', 27888999, 'Catamarca 550', 1, '11-4567-1009', 'g9@gmail.com', 0, 1, '2025-11-20', NULL, NULL, 'admin', NULL),
(10, 'familiar', 'Garante10', 'Torres', 32222444, 'La Rioja 320', 2, '11-4567-1010', 'g10@gmail.com', 0, 1, '2025-11-20', NULL, NULL, 'admin', NULL),
(11, 'amigo', 'Garante11', 'Flores', 28999111, 'Av. Alem 2400', 3, '11-4567-1011', 'g11@gmail.com', 0, 1, '2025-11-20', NULL, NULL, 'admin', NULL),
(12, 'amigo', 'Garante12', 'Acosta', 30022001, 'Belgrano 600', 4, '11-4567-1012', 'g12@gmail.com', 0, 1, '2025-11-20', NULL, NULL, 'admin', NULL),
(13, 'amigo', 'Garante13', 'Benítez', 29555111, 'Av. Colón 333', 1, '11-4567-1013', 'g13@gmail.com', 0, 1, '2025-11-20', NULL, NULL, 'admin', NULL),
(14, 'amigo', 'Garante14', 'Medina', 31114455, 'Guido Spano 490', 2, '11-4567-1014', 'g14@gmail.com', 0, 1, '2025-11-20', NULL, NULL, 'admin', NULL),
(15, 'amigo', 'Garante15', 'Suárez', 30333444, 'Lavalle 221', 3, '11-4567-1015', 'g15@gmail.com', 0, 1, '2025-11-20', NULL, NULL, 'admin', NULL),
(16, 'amigo', 'Garante16', 'Molina', 28888222, 'Dean Funes 700', 4, '11-4567-1016', 'g16@gmail.com', 0, 1, '2025-11-20', NULL, NULL, 'admin', NULL),
(17, 'amigo', 'Garante17', 'Castro', 32222666, 'Pueyrredón 1200', 1, '11-4567-1017', 'g17@gmail.com', 0, 1, '2025-11-20', NULL, NULL, 'admin', NULL),
(18, 'amigo', 'Garante18', 'Rojas', 30888111, '25 de Mayo 820', 2, '11-4567-1018', 'g18@gmail.com', 0, 1, '2025-11-20', NULL, NULL, 'admin', NULL),
(19, 'amigo', 'Garante19', 'Ortiz', 27444999, 'Sarmiento 1440', 3, '11-4567-1019', 'g19@gmail.com', 0, 1, '2025-11-20', NULL, NULL, 'admin', NULL),
(20, 'amigo', 'Garante20', 'Silva', 31666111, 'Salta 980', 4, '11-4567-1020', 'g20@gmail.com', 0, 1, '2025-11-20', NULL, NULL, 'admin', NULL),
(21, 'conyuge', 'Garante21', 'Vega', 30111223, 'Pringles 340', 1, '11-4567-1021', 'g21@gmail.com', 0, 1, '2025-11-20', NULL, NULL, 'admin', NULL),
(22, 'conyuge', 'Garante22', 'Campos', 29777666, 'Ayacucho 560', 2, '11-4567-1022', 'g22@gmail.com', 0, 1, '2025-11-20', NULL, NULL, 'admin', NULL),
(23, 'conyuge', 'Garante23', 'Núñez', 31333777, 'Av. España 300', 3, '11-4567-1023', 'g23@gmail.com', 0, 1, '2025-11-20', NULL, NULL, 'admin', NULL),
(24, 'conyuge', 'Garante24', 'Luna', 28111888, 'San Juan 880', 4, '11-4567-1024', 'g24@gmail.com', 0, 1, '2025-11-20', NULL, NULL, 'admin', NULL),
(25, 'conyuge', 'Garante25', 'Ibarra', 29222111, 'Av. Italia 1300', 1, '11-4567-1025', 'g25@gmail.com', 0, 1, '2025-11-20', NULL, NULL, 'admin', NULL),
(26, 'conyuge', 'Garante26', 'Ponce', 30999122, 'Lamadrid 720', 2, '11-4567-1026', 'g26@gmail.com', 0, 1, '2025-11-20', NULL, NULL, 'admin', NULL),
(27, 'conyuge', 'Garante27', 'Soto', 31111555, 'Uruguay 150', 3, '11-4567-1027', 'g27@gmail.com', 0, 1, '2025-11-20', NULL, NULL, 'admin', NULL),
(28, 'conyuge', 'Garante28', 'Delgado', 28666222, 'Rodríguez Peña 215', 4, '11-4567-1028', 'g28@gmail.com', 0, 1, '2025-11-20', NULL, NULL, 'admin', NULL),
(29, 'conyuge', 'Garante29', 'Arias', 31000888, 'Bulnes 990', 1, '11-4567-1029', 'g29@gmail.com', 0, 1, '2025-11-20', NULL, NULL, 'admin', NULL),
(30, 'conyuge', 'Garante30', 'Aguilar', 29555888, 'Av. Córdoba 2000', 2, '11-4567-1030', 'g30@gmail.com', 0, 1, '2025-11-20', NULL, NULL, 'admin', NULL),
(31, 'otro', 'Garante31', 'Herrera', 30011777, 'Castro Barros 880', 3, '11-4567-1031', 'g31@gmail.com', 0, 1, '2025-11-20', NULL, NULL, 'admin', NULL),
(32, 'otro', 'Garante32', 'Montiel', 28333999, 'Francia 560', 4, '11-4567-1032', 'g32@gmail.com', 0, 1, '2025-11-20', NULL, NULL, 'admin', NULL),
(33, 'otro', 'Garante33', 'Franco', 29888000, 'Av. Libertad 1450', 1, '11-4567-1033', 'g33@gmail.com', 0, 1, '2025-11-20', NULL, NULL, 'admin', NULL),
(34, 'otro', 'Garante34', 'Vera', 31222777, 'Montevideo 777', 2, '11-4567-1034', 'g34@gmail.com', 0, 1, '2025-11-20', NULL, NULL, 'admin', NULL),
(35, 'otro', 'Garante35', 'Salinas', 27999444, 'Oroño 130', 3, '11-4567-1035', 'g35@gmail.com', 0, 1, '2025-11-20', NULL, NULL, 'admin', NULL),
(36, 'otro', 'Garante36', 'Méndez', 30333777, 'Av. Pellegrini 950', 4, '11-4567-1036', 'g36@gmail.com', 0, 1, '2025-11-20', NULL, NULL, 'admin', NULL),
(37, 'otro', 'Garante37', 'Ferreyra', 29666999, 'Roca 330', 1, '11-4567-1037', 'g37@gmail.com', 0, 1, '2025-11-20', NULL, NULL, 'admin', NULL),
(38, 'otro', 'Garante38', 'Paz', 31888444, 'Santa Fe 720', 2, '11-4567-1038', 'g38@gmail.com', 0, 1, '2025-11-20', NULL, NULL, 'admin', NULL),
(39, 'otro', 'Garante39', 'Peralta', 28000222, 'Belgrano 2440', 3, '11-4567-1039', 'g39@gmail.com', 0, 1, '2025-11-20', NULL, NULL, 'admin', NULL),
(40, 'otro', 'Garante40', 'Ojeda', 30555222, 'Junín 998', 4, '11-4567-1040', 'g40@gmail.com', 0, 1, '2025-11-20', NULL, NULL, 'admin', NULL),
(41, 'juridico', 'Empresa1', 'SA', 30777888, 'Av. Independencia 4500', 1, '11-5000-2001', 'empresa1@correo.com', 1, 1, '2025-11-20', NULL, NULL, 'admin', NULL),
(42, 'juridico', 'Empresa2', 'SRL', 30944000, 'Ruta 22 KM 5', 2, '11-5000-2002', 'empresa2@correo.com', 1, 1, '2025-11-20', NULL, NULL, 'admin', NULL),
(43, 'juridico', 'Empresa3', 'SA', 33777999, 'Parque Industrial Sector A', 3, '11-5000-2003', 'empresa3@correo.com', 1, 1, '2025-11-20', NULL, NULL, 'admin', NULL),
(44, 'juridico', 'Empresa4', 'SA', 33888333, 'Av. San Jorge 2550', 4, '11-5000-2004', 'empresa4@correo.com', 1, 1, '2025-11-20', NULL, NULL, 'admin', NULL),
(45, 'juridico', 'Empresa5', 'SRL', 33222111, 'Calle Comercio 800', 1, '11-5000-2005', 'empresa5@correo.com', 1, 1, '2025-11-20', NULL, NULL, 'admin', NULL),
(46, 'juridico', 'Empresa6', 'SA', 33666444, 'Av. Industria 1900', 2, '11-5000-2006', 'empresa6@correo.com', 1, 1, '2025-11-20', NULL, NULL, 'admin', NULL),
(47, 'juridico', 'Empresa7', 'SRL', 33000555, 'Parque Logístico 300', 3, '11-5000-2007', 'empresa7@correo.com', 1, 1, '2025-11-20', NULL, NULL, 'admin', NULL),
(48, 'juridico', 'Empresa8', 'SA', 33999111, 'Centro Empresarial Torre A', 4, '11-5000-2008', 'empresa8@correo.com', 1, 1, '2025-11-20', NULL, NULL, 'admin', NULL),
(49, 'juridico', 'Empresa9', 'SA', 31111000, 'Av. Desarrollo 450', 1, '11-5000-2009', 'empresa9@correo.com', 1, 1, '2025-11-20', NULL, NULL, 'admin', NULL),
(50, 'juridico', 'Empresa10', 'SRL', 33444666, 'Calle Producción 222', 2, '11-5000-2010', 'empresa10@correo.com', 1, 1, '2025-11-20', NULL, NULL, 'admin', NULL),
(51, 'Hermano', 'Mauricio', 'Linares', 30322334, 'Lavalle 1550, CABA', 1, '11-5667-4032', 'mauricio.linares40@gmail.com', 0, 1, '2025-11-20', NULL, NULL, 'admin', NULL),
(52, 'Padre', 'Raúl', 'Ortiz', 30333445, 'Mendoza 2400, CABA', 1, '11-5778-4143', 'raul.ortiz41@gmail.com', 0, 1, '2025-11-20', NULL, NULL, 'admin', NULL),
(53, 'Amigo', 'Facundo', 'Guerra', 30344556, 'Av. Callao 1700, CABA', 1, '11-5889-4254', 'facundo.guerra42@gmail.com', 0, 1, '2025-11-20', NULL, NULL, 'admin', NULL),
(54, 'Primo', 'Emanuel', 'Sánchez', 30355667, '9 de Julio 600, Quilmes', 1, '11-5990-4365', 'emanuel.sanchez43@gmail.com', 0, 1, '2025-11-20', NULL, NULL, 'admin', NULL),
(55, 'Pareja', 'Camila', 'Villena', 30366778, 'Honduras 4500, Palermo', 1, '11-5101-4476', 'camila.villena44@gmail.com', 0, 1, '2025-11-20', NULL, NULL, 'admin', NULL),
(56, 'Tía', 'Graciela', 'Arias', 30377889, 'Armenia 1800, CABA', 1, '11-5212-4587', 'graciela.arias45@gmail.com', 0, 1, '2025-11-20', NULL, NULL, 'admin', NULL),
(57, 'Madre', 'Claudia', 'Montoya', 30388990, 'Zeballos 520, Lanús', 1, '11-5323-4698', 'claudia.montoya46@gmail.com', 0, 1, '2025-11-20', NULL, NULL, 'admin', NULL),
(58, 'Padre', 'Adrián', 'Ritter', 30399001, 'Av. San Juan 3100, CABA', 1, '11-5434-4709', 'adrian.ritter47@gmail.com', 0, 1, '2025-11-20', NULL, NULL, 'admin', NULL),
(59, 'Amigo', 'Julio', 'Barreto', 30400112, 'Lafayette 900, Avellaneda', 1, '11-5545-4821', 'julio.barreto48@gmail.com', 0, 1, '2025-11-20', NULL, NULL, 'admin', NULL),
(60, 'Hermana', 'Tamara', 'Fuentes', 30411223, 'Piedras 1300, CABA', 1, '11-5656-4932', 'tamara.fuentes49@gmail.com', 0, 1, '2025-11-20', NULL, NULL, 'admin', NULL);

INSERT INTO `hist_tasas` (`hist_tasas_id`, `producto_finan_id`, `tasa_vigente`, `habilitado`, `fecha_alta`, `fecha_baja`, `fecha_mod`, `usuario_alta`, `usuario_mod`) VALUES
(1, 1, 55.00, 1, '2025-11-20', NULL, NULL, 'admin', NULL),
(2, 1, 54.50, 1, '2025-11-20', NULL, NULL, 'admin', NULL),
(3, 1, 56.20, 1, '2025-11-20', NULL, NULL, 'admin', NULL),
(4, 1, 57.00, 1, '2025-11-20', NULL, NULL, 'admin', NULL),
(5, 1, 53.80, 1, '2025-11-20', NULL, NULL, 'admin', NULL),
(6, 1, 55.90, 1, '2025-11-20', NULL, NULL, 'admin', NULL),
(7, 1, 54.10, 1, '2025-11-20', NULL, NULL, 'admin', NULL),
(8, 1, 56.50, 1, '2025-11-20', NULL, NULL, 'admin', NULL),
(9, 1, 57.30, 1, '2025-11-20', NULL, NULL, 'admin', NULL),
(10, 1, 55.40, 1, '2025-11-20', NULL, NULL, 'admin', NULL),
(11, 2, 15.00, 1, '2025-11-20', NULL, NULL, 'admin', NULL),
(12, 2, 14.80, 1, '2025-11-20', NULL, NULL, 'admin', NULL),
(13, 2, 15.20, 1, '2025-11-20', NULL, NULL, 'admin', NULL),
(14, 2, 14.50, 1, '2025-11-20', NULL, NULL, 'admin', NULL),
(15, 2, 15.40, 1, '2025-11-20', NULL, NULL, 'admin', NULL),
(16, 2, 14.90, 1, '2025-11-20', NULL, NULL, 'admin', NULL),
(17, 2, 15.10, 1, '2025-11-20', NULL, NULL, 'admin', NULL),
(18, 2, 14.70, 1, '2025-11-20', NULL, NULL, 'admin', NULL),
(19, 2, 15.60, 1, '2025-11-20', NULL, NULL, 'admin', NULL),
(20, 2, 15.30, 1, '2025-11-20', NULL, NULL, 'admin', NULL),
(21, 3, 30.00, 1, '2025-11-20', NULL, NULL, 'admin', NULL),
(22, 3, 30.50, 1, '2025-11-20', NULL, NULL, 'admin', NULL),
(23, 3, 29.80, 1, '2025-11-20', NULL, NULL, 'admin', NULL),
(24, 3, 31.00, 1, '2025-11-20', NULL, NULL, 'admin', NULL),
(25, 3, 30.20, 1, '2025-11-20', NULL, NULL, 'admin', NULL),
(26, 3, 31.30, 1, '2025-11-20', NULL, NULL, 'admin', NULL),
(27, 3, 29.90, 1, '2025-11-20', NULL, NULL, 'admin', NULL),
(28, 3, 30.70, 1, '2025-11-20', NULL, NULL, 'admin', NULL),
(29, 3, 31.10, 1, '2025-11-20', NULL, NULL, 'admin', NULL),
(30, 3, 30.40, 1, '2025-11-20', NULL, NULL, 'admin', NULL),
(31, 4, 45.00, 1, '2025-11-20', NULL, NULL, 'admin', NULL),
(32, 4, 44.50, 1, '2025-11-20', NULL, NULL, 'admin', NULL),
(33, 4, 46.20, 1, '2025-11-20', NULL, NULL, 'admin', NULL),
(34, 4, 45.80, 1, '2025-11-20', NULL, NULL, 'admin', NULL),
(35, 4, 44.90, 1, '2025-11-20', NULL, NULL, 'admin', NULL),
(36, 4, 46.00, 1, '2025-11-20', NULL, NULL, 'admin', NULL),
(37, 4, 45.30, 1, '2025-11-20', NULL, NULL, 'admin', NULL),
(38, 4, 46.70, 1, '2025-11-20', NULL, NULL, 'admin', NULL),
(39, 4, 44.80, 1, '2025-11-20', NULL, NULL, 'admin', NULL),
(40, 4, 45.60, 1, '2025-11-20', NULL, NULL, 'admin', NULL);

INSERT INTO `cuota` (`cuota_id`, `credito_id`, `nro_cuota`, `monto_total`, `estado`, `fecha_venc`, `habilitado`, `fecha_alta`, `fecha_baja`, `fecha_mod`, `usuario_alta`, `usuario_mod`) VALUES
(1, 1, 1, 25000, 'pendiente', '2025-02-10', 1, '2025-11-20', NULL, NULL, 'admin', NULL),
(2, 1, 2, 25000, 'pagado', '2025-03-10', 1, '2025-11-20', NULL, NULL, 'admin', NULL),
(3, 1, 3, 25000, 'pendiente', '2025-04-10', 1, '2025-11-20', NULL, NULL, 'admin', NULL),
(4, 1, 4, 25000, 'pendiente', '2025-05-10', 1, '2025-11-20', NULL, NULL, 'admin', NULL),
(5, 1, 5, 25000, 'pagado', '2025-06-10', 1, '2025-11-20', NULL, NULL, 'admin', NULL),
(6, 1, 6, 25000, 'pendiente', '2025-07-10', 1, '2025-11-20', NULL, NULL, 'admin', NULL),
(7, 1, 7, 25000, 'pagado', '2025-08-10', 1, '2025-11-20', NULL, NULL, 'admin', NULL),
(8, 1, 8, 25000, 'pendiente', '2025-09-10', 1, '2025-11-20', NULL, NULL, 'admin', NULL),
(9, 1, 9, 25000, 'pagado', '2025-10-10', 1, '2025-11-20', NULL, NULL, 'admin', NULL),
(10, 1, 10, 25000, 'pendiente', '2025-11-10', 1, '2025-11-20', NULL, NULL, 'admin', NULL),
(11, 1, 11, 25000, 'pendiente', '2025-12-10', 1, '2025-11-20', NULL, NULL, 'admin', NULL),
(12, 1, 12, 25000, 'pagado', '2026-01-10', 1, '2025-11-20', NULL, NULL, 'admin', NULL),
(13, 2, 1, 180000, 'pagado', '2025-02-15', 1, '2025-11-20', NULL, NULL, 'admin', NULL),
(14, 2, 2, 180000, 'pendiente', '2025-03-15', 1, '2025-11-20', NULL, NULL, 'admin', NULL),
(15, 2, 3, 180000, 'pagado', '2025-04-15', 1, '2025-11-20', NULL, NULL, 'admin', NULL),
(16, 2, 4, 180000, 'pendiente', '2025-05-15', 1, '2025-11-20', NULL, NULL, 'admin', NULL),
(17, 2, 5, 180000, 'pendiente', '2025-06-15', 1, '2025-11-20', NULL, NULL, 'admin', NULL),
(18, 2, 6, 180000, 'pagado', '2025-07-15', 1, '2025-11-20', NULL, NULL, 'admin', NULL),
(19, 2, 7, 180000, 'pagado', '2025-08-15', 1, '2025-11-20', NULL, NULL, 'admin', NULL),
(20, 2, 8, 180000, 'pendiente', '2025-09-15', 1, '2025-11-20', NULL, NULL, 'admin', NULL),
(21, 2, 9, 180000, 'pendiente', '2025-10-15', 1, '2025-11-20', NULL, NULL, 'admin', NULL),
(22, 2, 10, 180000, 'pagado', '2025-11-15', 1, '2025-11-20', NULL, NULL, 'admin', NULL),
(23, 2, 11, 180000, 'pendiente', '2025-12-15', 1, '2025-11-20', NULL, NULL, 'admin', NULL),
(24, 2, 12, 180000, 'pagado', '2026-01-15', 1, '2025-11-20', NULL, NULL, 'admin', NULL),
(25, 3, 1, 260000, 'pendiente', '2025-02-20', 1, '2025-11-20', NULL, NULL, 'admin', NULL),
(26, 3, 2, 260000, 'pagado', '2025-03-20', 1, '2025-11-20', NULL, NULL, 'admin', NULL),
(27, 3, 3, 260000, 'pendiente', '2025-04-20', 1, '2025-11-20', NULL, NULL, 'admin', NULL),
(28, 3, 4, 260000, 'pagado', '2025-05-20', 1, '2025-11-20', NULL, NULL, 'admin', NULL),
(29, 3, 5, 260000, 'pendiente', '2025-06-20', 1, '2025-11-20', NULL, NULL, 'admin', NULL),
(30, 3, 6, 260000, 'pendiente', '2025-07-20', 1, '2025-11-20', NULL, NULL, 'admin', NULL),
(31, 3, 7, 260000, 'pagado', '2025-08-20', 1, '2025-11-20', NULL, NULL, 'admin', NULL),
(32, 3, 8, 260000, 'pendiente', '2025-09-20', 1, '2025-11-20', NULL, NULL, 'admin', NULL),
(33, 3, 9, 260000, 'pagado', '2025-10-20', 1, '2025-11-20', NULL, NULL, 'admin', NULL),
(34, 3, 10, 260000, 'pendiente', '2025-11-20', 1, '2025-11-20', NULL, NULL, 'admin', NULL),
(35, 3, 11, 260000, 'pagado', '2025-12-20', 1, '2025-11-20', NULL, NULL, 'admin', NULL),
(36, 3, 12, 260000, 'pendiente', '2026-01-20', 1, '2025-11-20', NULL, NULL, 'admin', NULL),
(37, 4, 1, 90000, 'pendiente', '2025-02-25', 1, '2025-11-20', NULL, NULL, 'admin', NULL),
(38, 4, 2, 90000, 'pagado', '2025-03-25', 1, '2025-11-20', NULL, NULL, 'admin', NULL),
(39, 4, 3, 90000, 'pendiente', '2025-04-25', 1, '2025-11-20', NULL, NULL, 'admin', NULL),
(40, 4, 4, 90000, 'pagado', '2025-05-25', 1, '2025-11-20', NULL, NULL, 'admin', NULL),
(41, 4, 5, 90000, 'pendiente', '2025-06-25', 1, '2025-11-20', NULL, NULL, 'admin', NULL),
(42, 4, 6, 90000, 'pendiente', '2025-07-25', 1, '2025-11-20', NULL, NULL, 'admin', NULL),
(43, 4, 7, 90000, 'pagado', '2025-08-25', 1, '2025-11-20', NULL, NULL, 'admin', NULL),
(44, 4, 8, 90000, 'pendiente', '2025-09-25', 1, '2025-11-20', NULL, NULL, 'admin', NULL),
(45, 4, 9, 90000, 'pagado', '2025-10-25', 1, '2025-11-20', NULL, NULL, 'admin', NULL),
(46, 4, 10, 90000, 'pendiente', '2025-11-25', 1, '2025-11-20', NULL, NULL, 'admin', NULL),
(47, 4, 11, 90000, 'pagado', '2025-12-25', 1, '2025-11-20', NULL, NULL, 'admin', NULL),
(48, 4, 12, 90000, 'pendiente', '2026-01-25', 1, '2025-11-20', NULL, NULL, 'admin', NULL);

INSERT INTO `pago` (`pago_id`, `cuota_id`, `dias_demora`, `pena_mora`, `monto_pago`, `metodo_pago_id`, `habilitado`, `fecha_alta`, `fecha_baja`, `fecha_mod`, `usuario_alta`, `usuario_mod`) VALUES
(1, 1, 0, 0.00, 25000.00, 1, 1, '2025-11-20', NULL, NULL, 'admin', NULL),
(2, 2, 3, 150.00, 25200.00, 2, 1, '2025-11-20', NULL, NULL, 'admin', NULL),
(3, 3, 0, 0.00, 25000.00, 3, 1, '2025-11-20', NULL, NULL, 'admin', NULL),
(4, 4, 1, 50.00, 25050.00, 4, 1, '2025-11-20', NULL, NULL, 'admin', NULL),
(5, 5, 0, 0.00, 25000.00, 5, 1, '2025-11-20', NULL, NULL, 'admin', NULL),
(6, 6, 2, 100.00, 25100.00, 1, 1, '2025-11-20', NULL, NULL, 'admin', NULL),
(7, 7, 0, 0.00, 25000.00, 2, 1, '2025-11-20', NULL, NULL, 'admin', NULL),
(8, 8, 4, 200.00, 25200.00, 3, 1, '2025-11-20', NULL, NULL, 'admin', NULL),
(9, 9, 0, 0.00, 25000.00, 4, 1, '2025-11-20', NULL, NULL, 'admin', NULL),
(10, 10, 1, 50.00, 25050.00, 1, 1, '2025-11-20', NULL, NULL, 'admin', NULL),
(11, 11, 0, 0.00, 25000.00, 2, 1, '2025-11-20', NULL, NULL, 'admin', NULL),
(12, 12, 0, 0.00, 25000.00, 3, 1, '2025-11-20', NULL, NULL, 'admin', NULL),
(13, 13, 0, 0.00, 180000.00, 2, 1, '2025-11-20', NULL, NULL, 'admin', NULL),
(14, 14, 2, 600.00, 180600.00, 1, 1, '2025-11-20', NULL, NULL, 'admin', NULL),
(15, 15, 0, 0.00, 180000.00, 3, 1, '2025-11-20', NULL, NULL, 'admin', NULL),
(16, 16, 4, 1200.00, 181200.00, 5, 1, '2025-11-20', NULL, NULL, 'admin', NULL),
(17, 17, 1, 300.00, 180300.00, 4, 1, '2025-11-20', NULL, NULL, 'admin', NULL),
(18, 18, 0, 0.00, 180000.00, 2, 1, '2025-11-20', NULL, NULL, 'admin', NULL),
(19, 19, 0, 0.00, 180000.00, 1, 1, '2025-11-20', NULL, NULL, 'admin', NULL),
(20, 20, 3, 900.00, 180900.00, 3, 1, '2025-11-20', NULL, NULL, 'admin', NULL),
(21, 21, 2, 600.00, 180600.00, 4, 1, '2025-11-20', NULL, NULL, 'admin', NULL),
(22, 22, 0, 0.00, 180000.00, 5, 1, '2025-11-20', NULL, NULL, 'admin', NULL),
(23, 23, 1, 300.00, 180300.00, 2, 1, '2025-11-20', NULL, NULL, 'admin', NULL),
(24, 24, 0, 0.00, 180000.00, 1, 1, '2025-11-20', NULL, NULL, 'admin', NULL),
(25, 25, 0, 0.00, 260000.00, 3, 1, '2025-11-20', NULL, NULL, 'admin', NULL),
(26, 26, 2, 520.00, 260520.00, 1, 1, '2025-11-20', NULL, NULL, 'admin', NULL),
(27, 27, 0, 0.00, 260000.00, 4, 1, '2025-11-20', NULL, NULL, 'admin', NULL),
(28, 28, 1, 260.00, 260260.00, 2, 1, '2025-11-20', NULL, NULL, 'admin', NULL),
(29, 29, 3, 780.00, 260780.00, 3, 1, '2025-11-20', NULL, NULL, 'admin', NULL),
(30, 30, 0, 0.00, 260000.00, 5, 1, '2025-11-20', NULL, NULL, 'admin', NULL),
(31, 31, 2, 520.00, 260520.00, 1, 1, '2025-11-20', NULL, NULL, 'admin', NULL),
(32, 32, 0, 0.00, 260000.00, 3, 1, '2025-11-20', NULL, NULL, 'admin', NULL),
(33, 33, 1, 260.00, 260260.00, 4, 1, '2025-11-20', NULL, NULL, 'admin', NULL),
(34, 34, 0, 0.00, 260000.00, 2, 1, '2025-11-20', NULL, NULL, 'admin', NULL),
(35, 35, 3, 780.00, 260780.00, 3, 1, '2025-11-20', NULL, NULL, 'admin', NULL),
(36, 36, 0, 0.00, 260000.00, 5, 1, '2025-11-20', NULL, NULL, 'admin', NULL),
(37, 37, 1, 90.00, 90090.00, 2, 1, '2025-11-20', NULL, NULL, 'admin', NULL),
(38, 38, 0, 0.00, 90000.00, 1, 1, '2025-11-20', NULL, NULL, 'admin', NULL),
(39, 39, 2, 180.00, 90180.00, 5, 1, '2025-11-20', NULL, NULL, 'admin', NULL),
(40, 40, 0, 0.00, 90000.00, 4, 1, '2025-11-20', NULL, NULL, 'admin', NULL),
(41, 41, 3, 270.00, 90270.00, 2, 1, '2025-11-20', NULL, NULL, 'admin', NULL),
(42, 42, 0, 0.00, 90000.00, 3, 1, '2025-11-20', NULL, NULL, 'admin', NULL),
(43, 43, 4, 360.00, 90360.00, 1, 1, '2025-11-20', NULL, NULL, 'admin', NULL),
(44, 44, 0, 0.00, 90000.00, 4, 1, '2025-11-20', NULL, NULL, 'admin', NULL),
(45, 45, 2, 180.00, 90180.00, 5, 1, '2025-11-20', NULL, NULL, 'admin', NULL),
(46, 46, 0, 0.00, 90000.00, 3, 1, '2025-11-20', NULL, NULL, 'admin', NULL),
(47, 47, 1, 90.00, 90090.00, 2, 1, '2025-11-20', NULL, NULL, 'admin', NULL),
(48, 48, 0, 0.00, 90000.00, 1, 1, '2025-11-20', NULL, NULL, 'admin', NULL);

INSERT INTO campania_prom (tasa_prom, vigencia)
VALUES (18.50, '2026-03-31'),
       (14.75, '2026-05-15'),
       (9.9, '2026-09-30'),
       (0, '2026-04-30');

INSERT INTO `campania_cliente` (`campania_cliente_id`, `campana_prom_id`, `cliente_id`) VALUES
(61, 1, 1),
(62, 2, 2),
(63, 3, 3),
(64, 4, 4),
(65, 1, 5),
(66, 2, 6),
(67, 3, 7),
(68, 4, 8),
(69, 1, 9),
(70, 2, 10),
(71, 3, 11),
(72, 4, 12),
(73, 1, 13),
(74, 2, 14),
(75, 3, 15),
(76, 4, 16),
(77, 1, 17),
(78, 2, 18),
(79, 3, 19),
(80, 4, 20),
(81, 1, 21),
(82, 2, 22),
(83, 3, 23),
(84, 4, 24),
(85, 1, 25),
(86, 2, 26),
(87, 3, 27),
(88, 4, 28),
(89, 1, 29),
(90, 2, 30),
(91, 3, 31),
(92, 4, 32),
(93, 1, 33),
(94, 2, 34),
(95, 3, 35),
(96, 4, 36),
(97, 1, 37),
(98, 2, 38),
(99, 3, 39),
(100, 4, 40),
(101, 1, 41),
(102, 2, 42),
(103, 3, 43),
(104, 4, 44),
(105, 1, 45),
(106, 2, 46),
(107, 3, 47),
(108, 4, 48),
(109, 1, 49),
(110, 2, 50),
(111, 3, 51),
(112, 4, 52),
(113, 1, 53),
(114, 2, 54),
(115, 3, 55),
(116, 4, 56),
(117, 1, 57),
(118, 2, 58),
(119, 3, 59),
(120, 4, 60);

INSERT INTO `campania_producto` (`campania_producto_id`, `campania_prom_id`, `producto_finan_id`) VALUES
(1, 1, 1),
(2, 2, 2),
(3, 3, 3),
(4, 4, 4),
(5, 1, 1),
(6, 2, 2),
(7, 3, 3),
(8, 4, 4),
(9, 1, 1),
(10, 2, 2),
(11, 3, 3),
(12, 4, 4),
(13, 1, 1),
(14, 2, 2),
(15, 3, 3),
(16, 4, 4),
(17, 1, 1),
(18, 2, 2),
(19, 3, 3),
(20, 4, 4),
(21, 1, 1),
(22, 2, 2),
(23, 3, 3),
(24, 4, 4),
(25, 1, 1),
(26, 2, 2),
(27, 3, 3),
(28, 4, 4),
(29, 1, 1),
(30, 2, 2),
(31, 3, 3),
(32, 4, 4),
(33, 1, 1),
(34, 2, 2),
(35, 3, 3),
(36, 4, 4),
(37, 1, 1),
(38, 2, 2),
(39, 3, 3),
(40, 4, 4),
(41, 1, 1),
(42, 2, 2),
(43, 3, 3),
(44, 4, 4),
(45, 1, 1),
(46, 2, 2),
(47, 3, 3),
(48, 4, 4),
(49, 1, 1),
(50, 2, 2),
(51, 3, 3),
(52, 4, 4),
(53, 1, 1),
(54, 2, 2),
(55, 3, 3),
(56, 4, 4),
(57, 1, 1),
(58, 2, 2),
(59, 3, 3),
(60, 4, 4);


INSERT INTO `solicitud_garante` (`solicitud_garante_id`, `solicitud_id`, `garante_id`) VALUES
(1, 1, 1),
(2, 2, 2),
(3, 3, 3),
(4, 4, 4),
(5, 5, 5),
(6, 6, 6),
(7, 7, 7),
(8, 8, 8),
(9, 9, 9),
(10, 10, 10),
(11, 11, 11),
(12, 12, 12),
(13, 13, 13),
(14, 14, 14),
(15, 15, 15),
(16, 16, 16),
(17, 17, 17),
(18, 18, 18),
(19, 19, 19),
(20, 20, 20),
(21, 21, 21),
(22, 22, 22),
(23, 23, 23),
(24, 24, 24),
(25, 25, 25),
(26, 26, 26),
(27, 27, 27),
(28, 28, 28),
(29, 29, 29),
(30, 30, 30),
(31, 31, 31),
(32, 32, 32),
(33, 33, 33),
(34, 34, 34),
(35, 35, 35),
(36, 36, 36),
(37, 37, 37),
(38, 38, 38),
(39, 39, 39),
(40, 40, 40),
(41, 41, 41),
(42, 42, 42),
(43, 43, 43),
(44, 44, 44),
(45, 45, 45),
(46, 46, 46),
(47, 47, 47),
(48, 48, 48),
(49, 49, 49),
(50, 50, 50),
(51, 51, 51),
(52, 52, 52),
(53, 53, 53),
(54, 54, 54),
(55, 55, 55),
(56, 56, 56),
(57, 57, 57),
(58, 58, 58),
(59, 59, 59),
(60, 60, 60);